{"means": [10.422951698303223, 10.86209774017334, 11.764544486999512, 12.490164756774902, 13.259830474853516, 13.895943641662598, 14.364940643310547, 14.593948364257812, 14.749723434448242, 14.668314933776855, 14.730796813964844, 14.775052070617676, 14.989051818847656, 15.17800521850586, 15.253520011901855, 15.32863712310791, 15.33401870727539, 15.288641929626465, 15.427661895751953, 15.24626636505127, 15.092574119567871, 15.290421485900879, 15.075750350952148, 15.186773300170898, 15.08867359161377, 15.170797348022461, 15.070178031921387, 15.150794982910156, 15.108532905578613, 15.115345001220703, 15.141280174255371, 15.131832122802734, 15.145195960998535, 15.191518783569336, 15.235478401184082, 15.30636978149414, 15.373021125793457, 15.416394233703613, 15.459856986999512, 15.391432762145996, 15.463576316833496, 15.39966106414795, 15.462907791137695, 15.441629409790039, 15.484969139099121, 15.552401542663574, 15.638092041015625, 15.705489158630371, 15.767008781433105, 15.855123519897461, 15.867269515991211, 15.8915376663208, 15.923145294189453, 15.97838306427002, 16.014801025390625, 16.048675537109375, 16.082029342651367, 16.096799850463867, 16.09373664855957, 16.072479248046875, 16.075510025024414, 16.02227020263672, 15.976761817932129, 15.89786434173584, 15.81274127960205, 15.71120548248291, 15.604198455810547, 15.553519248962402, 15.510252952575684, 15.460023880004883, 15.415684700012207, 15.376028060913086, 15.328349113464355, 15.295371055603027, 15.185470581054688, 15.017045021057129, 14.90507984161377, 14.623806953430176, 14.138093948364258, 13.313870429992676], "inv_std": [0.24949809908866882, 0.23563240468502045, 0.23145155608654022, 0.23322337865829468, 0.23182667791843414, 0.22853350639343262, 0.2243487536907196, 0.21898917853832245, 0.21832433342933655, 0.2208258956670761, 0.22296734154224396, 0.2228841334581375, 0.22234809398651123, 0.22100646793842316, 0.21994198858737946, 0.22005446255207062, 0.2207009196281433, 0.22150811553001404, 0.22236673533916473, 0.2230529636144638, 0.22335349023342133, 0.2243889421224594, 0.22547703981399536, 0.22690080106258392, 0.2282303273677826, 0.22931471467018127, 0.23046723008155823, 0.2308354526758194, 0.23143380880355835, 0.2322065383195877, 0.23257990181446075, 0.2336196005344391, 0.23437237739562988, 0.2350824922323227, 0.23578070104122162, 0.23589202761650085, 0.23602086305618286, 0.2366378903388977, 0.23749862611293793, 0.2379845678806305, 0.2389937937259674, 0.23974816501140594, 0.24030832946300507, 0.24097703397274017, 0.24143241345882416, 0.24135462939739227, 0.2407994270324707, 0.24047397077083588, 0.23995527625083923, 0.23952287435531616, 0.2394808828830719, 0.23936514556407928, 0.23929348587989807, 0.2390221357345581, 0.23857855796813965, 0.23814721405506134, 0.23804599046707153, 0.23824173212051392, 0.2386009693145752, 0.23915404081344604, 0.23922552168369293, 0.23938287794589996, 0.2397335022687912, 0.2396056056022644, 0.24028493463993073, 0.24061822891235352, 0.24067921936511993, 0.240961953997612, 0.2404361069202423, 0.24021531641483307, 0.239725261926651, 0.2387200891971588, 0.2374413162469864, 0.2361951619386673, 0.23337285220623016, 0.22680234909057617, 0.22577500343322754, 0.2250385284423828, 0.22631137073040009, 0.22899490594863892]}